rank,nome,avaliacao
1,Gloomhaven,8.69
2,Brass: Birmingham,8.66
3,Pandemic Legacy: Season 1,8.57
4,Ark Nova,8.60
5,Terraforming Mars,8.40
6,Gloomhaven: Jaws of the Lion,8.57
7,Twilight Imperium: Fourth Edition,8.64
8,Star Wars: Rebellion,8.42
9,Gaia Project,8.44
10,War of the Ring: Second Edition,8.52
11,Spirit Island,8.37
12,Through the Ages: A New Story of Civilization,8.35
13,Great Western Trail,8.27
14,Twilight Struggle,8.27
15,Dune: Imperium,8.35
16,Scythe,8.19
17,The Castles of Burgundy,8.13
18,Nemesis,8.34
19,7 Wonders Duel,8.10
20,Brass: Lancashire,8.19
21,Concordia,8.12
22,A Feast for Odin,8.19
23,Terra Mystica,8.10
24,Wingspan,8.08
25,Clank!: Legacy – Acquisitions Incorporated,8.63
26,Eclipse: Second Dawn for the Galaxy,8.56
27,Arkham Horror: The Card Game,8.15
28,Root,8.09
29,Orléans,8.07
30,Viticulture Essential Edition,8.03
31,Everdell,8.08
32,Lost Ruins of Arnak,8.09
33,Mage Knight Board Game,8.09
34,Food Chain Magnate,8.10
35,Barrage,8.21
36,Marvel Champions: The Card Game,8.18
37,Puerto Rico,7.95
38,Too Many Bones,8.39
39,Caverna: The Cave Farmers,7.99
40,Blood Rage,7.97
41,Pax Pamir: Second Edition,8.30
42,Agricola,7.91
43,Underwater Cities,8.09
44,The Crew: Mission Deep Sea,8.32
45,Anachrony,8.10
46,Maracaibo,8.12
47,Mansions of Madness: Second Edition,7.99
48,Pandemic Legacy: Season 2,8.07
49,On Mars,8.23
50,The Crew: The Quest for Planet Nine,7.90
51,Tzolk'in: The Mayan Calendar,7.88
52,Power Grid,7.83
53,Cascadia,8.01
54,Clans of Caledonia,7.97
55,Crokinole,7.98
56,Star Wars: Imperial Assault,7.98
57,Le Havre,7.86
58,Lisboa,8.20
59,Pandemic Legacy: Season 0,8.51
60,Kingdom Death: Monster,8.55
61,Mechs vs. Minions,8.00
62,The Quacks of Quedlinburg,7.85
63,The Gallerist,8.04
64,Paladins of the West Kingdom,8.01
65,Azul,7.78
66,Android: Netrunner,7.88
67,Eclipse,7.86
68,Aeon's End,7.97
69,Great Western Trail (Second Edition),8.51
70,Through the Ages: A Story of Civilization,7.88
71,Race for the Galaxy,7.75
72,Clank!: A Deck-Building Adventure,7.81
73,The 7th Continent,7.95
74,Five Tribes,7.78
75,Fields of Arle,8.06
76,Grand Austria Hotel,7.90
77,Kanban EV,8.51
78,Agricola (Revised Edition),7.98
79,Teotihuacan: City of Gods,7.90
80,Robinson Crusoe: Adventures on the Cursed Island,7.79
81,The Voyages of Marco Polo,7.82
82,Sleeping Gods,8.42
83,7 Wonders,7.71
84,Lords of Waterdeep,7.74
85,Dominant Species,7.82
86,Tainted Grail: The Fall of Avalon,8.18
87,Architects of the West Kingdom,7.78
88,El Grande,7.74
89,Keyflower,7.76
90,Caylus,7.74
91,Battlestar Galactica: The Board Game,7.73
92,Beyond the Sun,7.99
93,Mombasa,7.87
94,Dominion: Intrigue,7.70
95,Troyes,7.73
96,Raiders of the North Sea,7.76
97,The Lord of the Rings: Journeys in Middle-Earth,7.97
98,Eldritch Horror,7.77
99,Twilight Imperium: Third Edition,7.81
100,Lorenzo il Magnifico,7.87
101,Tigris & Euphrates,7.70
102,Decrypto,7.78
103,Cthulhu: Death May Die,8.14
104,Inis,7.82
105,Russian Railroads,7.75
106,Patchwork,7.62
107,The Isle of Cats,7.82
108,Rising Sun,7.81
109,Trajan,7.75
110,Trickerion: Legends of Illusion,7.96
111,Dominion,7.60
112,Clank! In! Space!: A Deck-Building Adventure,7.83
113,The Search for Planet X,8.06
114,Aeon's End: War Eternal,8.33
115,Codenames,7.57
116,Obsession,8.27
117,Roll for the Galaxy,7.63
118,Pandemic: Iberia,7.90
119,Yokohama,7.83
120,Vinhos: Deluxe Edition,8.14
121,Champions of Midgard,7.74
122,Cartographers,7.67
123,Forbidden Stars,7.97
124,Pandemic,7.57
125,Res Arcana,7.72
126,PARKS,7.73
127,Sherlock Holmes Consulting Detective: The Thames Murders & Other Cases,7.68
128,Kemet,7.69
129,Age of Steam,7.81
130,Hansa Teutonica,7.71
131,Watergate,7.86
132,Targi,7.64
133,Concordia Venus,8.31
134,Endeavor: Age of Sail,7.94
135,Alchemists,7.66
136,Star Realms,7.57
137,Legendary Encounters: An Alien Deck Building Game,7.77
138,It's a Wonderful World,7.75
139,The Quest for El Dorado,7.64
140,Stone Age,7.54
141,Star Wars: X-Wing Miniatures Game,7.66
142,Ticket to Ride: Europe,7.54
143,Praga Caput Regni,8.01
144,Welcome To...,7.58
145,Rajas of the Ganges,7.73
146,Just One,7.61
147,The Lord of the Rings: The Card Game,7.66
148,Istanbul,7.56
149,Xia: Legends of a Drift System,7.88
150,That's Pretty Clever!,7.60
151,Marco Polo II: In the Service of the Khan,8.03
152,Azul: Summer Pavilion,7.71
153,Chaos in the Old World,7.67
154,War of the Ring,7.77
155,Glen More II: Chronicles,7.96
156,Descent: Journeys in the Dark (Second Edition),7.64
157,Magic: The Gathering,7.56
158,Viscounts of the West Kingdom,7.91
159,Jaipur,7.50
160,Memoir '44,7.55
161,Horrified,7.72
162,This War of Mine: The Board Game,7.80
163,Terraforming Mars: Ares Expedition,7.73
164,War Chest,7.93
165,Railways of the World,7.68
166,The Resistance: Avalon,7.54
167,Cosmic Encounter,7.53
168,Castles of Mad King Ludwig,7.53
169,Dead of Winter: A Crossroads Game,7.51
170,Sagrada,7.50
171,Tyrants of the Underdark,7.91
172,Ora et Labora,7.70
173,A Game of Thrones: The Board Game (Second Edition),7.56
174,Undaunted: Normandy,7.83
175,Sekigahara: The Unification of Japan,8.02
176,Dominion (Second Edition),7.88
177,Suburbia,7.50
178,Dinosaur Island,7.63
179,Ticket to Ride: Nordic Countries,7.63
180,Commands & Colors: Ancients,7.77
181,Village,7.51
182,Near and Far,7.73
183,Captain Sonar,7.54
184,Calico,7.64
185,Ra,7.50
186,Space Base,7.57
187,Combat Commander: Europe,7.95
188,Nations,7.62
189,Star Realms: Colony Wars,7.82
190,Go,7.64
191,Coimbra,7.65
192,Splendor,7.43
193,Dune,8.02
194,Paths of Glory,8.05
195,Unmatched: Cobble & Fog,8.15
196,Tichu,7.58
197,Under Falling Skies,7.78
198,Carcassonne,7.41
199,Codenames: Duet,7.49
200,Detective: A Modern Crime Board Game,7.76
301,Survive: Escape from Atlantis!,7.32
302,Dice Throne: Season Two – Battle Chest,8.13
303,Love Letter,7.23
304,Small World,7.23
305,Above and Below,7.38
306,Dungeon Lords,7.38
307,Acquire,7.34
308,Monikers,7.79
309,Awkward Guests,7.64
310,Sid Meier's Civilization: The Board Game,7.39
311,Letters from Whitechapel,7.37
312,Merchants & Marauders,7.39
313,Mission: Red Planet (Second Edition),7.43
314,Mysterium,7.26
315,Bunny Kingdom,7.45
316,Anno 1800,7.80
317,Bärenpark,7.33
318,Neuroshima Hex! 3.0,7.40
319,Dixit,7.23
320,Mage Wars Arena,7.60
321,For Sale,7.24
322,Takenoko,7.24
323,The Resistance,7.25
324,Nusfjord,7.66
325,Ghost Stories,7.29
326,Agricola: All Creatures Big and Small,7.36
327,Tekhenu: Obelisk of the Sun,7.79
328,Star Wars: Armada,7.83
329,Lost Cities,7.21
330,Marvel United,7.65
331,Harry Potter: Hogwarts Battle,7.40
332,Altiplano,7.50
333,51st State: Master Set,7.63
334,Destinies,7.86
335,Bonfire,7.74
336,The Great Zimbabwe,7.82
337,San Juan,7.24
338,Aeon's End: The New Age,8.59
339,Evolution: Climate,7.55
340,Notre Dame,7.32
341,Gizmos,7.41
342,Here I Stand,7.90
343,Innovation,7.28
344,The King's Dilemma,7.84
345,At the Gates of Loyang,7.37
346,Gùgōng,7.48
347,The Pillars of the Earth,7.27
348,Blood Bowl: Team Manager – The Card Game,7.38
349,Die Macher,7.61
350,Carpe Diem,7.55
351,Chinatown,7.39
352,Newton,7.58
353,7 Wonders (Second Edition),7.95
354,Wonderland's War,8.30
355,Endeavor,7.39
356,Saint Petersburg,7.28
357,Abyss,7.33
358,Downforce,7.34
359,Oath: Chronicles of Empire and Exile,7.89
360,Ginkgopolis,7.50
361,In the Year of the Dragon,7.32
362,Pandemic: Fall of Rome,7.66
363,King of Tokyo,7.16
364,Bruxelles 1893,7.63
365,The Godfather: Corleone's Empire,7.54
366,Tiny Towns,7.28
367,Azul: Stained Glass of Sintra,7.35
368,Maria,7.99
369,Sherlock Holmes Consulting Detective: Jack the Ripper & West End Adventures,7.66
370,Ticket to Ride: Märklin,7.41
371,The King Is Dead: Second Edition,7.74
372,Twice as Clever!,7.47
373,Kemet: Blood and Sand,8.10
374,Mythic Battles: Pantheon,8.39
375,London (Second Edition),7.55
376,Clash of Cultures,7.60
377,San Juan (Second Edition),7.48
378,Sword & Sorcery,7.95
379,Civilization,7.50
380,Dice Forge,7.25
381,Nippon,7.66
382,Codenames: Pictures,7.22
383,Arkham Horror,7.25
384,Dune,7.61
385,Stockpile,7.50
386,Advanced Squad Leader,8.00
387,Space Hulk (Third Edition),7.53
388,Claustrophobia,7.49
389,Clash of Cultures: Monumental Edition,8.50
390,Mice and Mystics,7.26
391,Santa Maria,7.50
392,Macao,7.41
393,Firefly: The Game,7.39
394,Fresco,7.27
395,Thunderstone Quest,7.83
396,Schotten Totten,7.34
397,The Manhattan Project,7.34
398,Sprawlopolis,7.40
399,Spartacus: A Game of Blood and Treachery,7.47
400,Flash Point: Fire Rescue,7.18
401,Millennium Blades,7.70
402,Biblios,7.20
403,Smartphone Inc.,7.63
404,Raiders of Scythia,7.85
405,Furnace,7.47
406,Skull,7.20
407,Skull King,7.48
408,Imperium: Classics,7.79
409,Wavelength,7.37
410,Kingsburg,7.18
411,Imperial Settlers: Empires of the North,7.50
412,Lancaster,7.40
413,Glen More,7.31
414,A Few Acres of Snow,7.38
415,Heroscape Master Set: Rise of the Valkyrie,7.44
416,Welcome to the Moon,8.09
417,Point Salad,7.22
418,Return to Dark Tower,8.38
419,Quadropolis,7.25
420,Pandemic: Reign of Cthulhu,7.39
421,Love Letter,7.56
422,Charterstone,7.27
423,Sidereal Confluence,7.80
424,Lord of the Rings: The Confrontation,7.48
425,PitchCar,7.27
426,Blood Bowl: Living Rulebook,7.85
427,Amerigo,7.46
428,Mystic Vale,7.28
429,BattleLore,7.36
430,Cloudspire,8.22
431,Cubitos,7.53
432,Chess,7.17
433,Pandemic: The Cure,7.27
434,Risk Legacy,7.39
435,Pipeline,7.65
436,Mandala,7.60
437,King of Tokyo: Dark Edition,7.75
438,Commands & Colors: Napoleonics,8.01
439,Amun-Re,7.30
440,Sheriff of Nottingham,7.10
441,Unmatched: Robin Hood vs. Bigfoot,8.04
442,Black Orchestra,7.51
443,Descent: Journeys in the Dark,7.29
444,Exit: The Game – Dead Man on the Orient Express,7.63
445,Shadows of Brimstone: City of the Ancients,7.96
446,Blood Bowl (Third Edition),7.55
447,Stuffed Fables,7.50
448,Mansions of Madness,7.28
449,Forbidden Desert,7.10
450,Middara: Unintentional Malum – Act 1,8.70
451,Blitzkrieg!: World War Two in 20 Minutes,7.66
452,Oathsworn: Into the Deepwood,9.26
453,Bitoku,7.97
454,Colt Express,7.10
455,1775: Rebellion,7.65
456,Deus,7.29
457,Citadels,7.07
458,Raptor,7.28
459,"Labyrinth: The War on Terror, 2001 – ?",7.59
460,Hanabi,7.06
461,Canvas,7.40
462,Project L,7.54
463,Shadows over Camelot,7.11
464,Lords of Vegas,7.34
465,Citadels,7.28
466,Oceans,7.54
467,Friday,7.13
468,Fire in the Lake,8.06
469,Junk Art,7.39
470,Betrayal Legacy,7.70
471,CATAN,7.12
472,Nemesis: Lockdown,8.57
473,Hadara,7.44
474,No Thanks!,7.06
475,Railroad Ink: Deep Blue Edition,7.22
476,Madeira,7.57
477,Imhotep,7.16
478,London,7.34
479,Freedom: The Underground Railroad,7.57
480,First Class: All Aboard the Orient Express!,7.44
481,Small World Underground,7.25
482,Honey Buzz,7.73
483,Blackout: Hong Kong,7.47
484,Potion Explosion,7.14
485,Archipelago,7.31
486,The Grizzled,7.16
487,Thurn and Taxis,7.09
488,1846: The Race for the Midwest,7.95
489,The Fox in the Forest,7.16
490,Time's Up! Title Recall!,7.70
491,Legends of Andor,7.16
492,Bohnanza,7.04
493,Argent: The Consortium,7.66
494,Libertalia,7.14
495,BattleCON: Devastation of Indines,7.86
496,Port Royal,7.13
497,Escape Plan,7.55
498,Ingenious,7.11
499,TZAAR,7.66
500,Zombie Kidz Evolution,7.71
501,Euphoria: Build a Better Dystopia,7.21
502,Airlines Europe,7.30
503,Sentinels of the Multiverse,7.17
504,One Night Ultimate Werewolf,7.09
505,Roads & Boats,7.71
506,Elysium,7.21
507,Dawn of the Zeds (Third Edition),8.19
508,RoboRally,7.07
509,Fantastic Factories,7.52
510,Sushi Go!,7.03
511,Alhambra,7.03
512,Chicago Express,7.25
513,Egizia,7.40
514,Vikings,7.24
515,Discworld: Ankh-Morpork,7.24
516,Queendomino,7.20
517,Tales of the Arabian Nights,7.18
518,Star Wars: X-Wing (Second Edition),8.13
519,Runebound (Third Edition),7.47
520,"Air, Land, & Sea",7.49
521,Last Will,7.18
522,Vinhos,7.48
523,Pax Porfiriana,7.68
524,Taj Mahal,7.27
525,Space Empires 4X,7.70
526,Karuba,7.18
527,Pathfinder Adventure Card Game: Rise of the Runelords – Base Set,7.18
528,Long Shot: The Dice Game,7.85
529,Camel Up,7.04
530,The Colonists,7.59
531,StarCraft: The Board Game,7.35
532,Colosseum,7.21
533,Love Letter: Premium Edition,7.44
534,Baseball Highlights: 2045,7.53
535,Summoner Wars (Second Edition),8.28
536,Nova Luna,7.37
537,Paperback,7.16
538,Boonlake,7.76
539,Nexus Ops,7.21
540,Valeria: Card Kingdoms,7.46
541,Jamaica,7.07
542,DVONN,7.45
543,AquaSphere,7.27
544,Photosynthesis,7.05
545,High Society,7.12
546,Fleet: The Dice Game,7.72
547,Through the Desert,7.08
548,Las Vegas,7.15
549,Pan Am,7.58
550,Hammer of the Scots,7.54
551,Evolution,7.09
552,Carcassonne: Hunters and Gatherers,7.13
553,Broom Service,7.17
554,Automobile,7.33
555,Struggle of Empires,7.53
556,Tobago,7.11
557,In the Hall of the Mountain King,7.69
558,Conan,7.67
559,Carson City,7.23
560,Atlantis Rising (Second Edition),7.67
561,Star Wars: Destiny,7.48
562,Silver & Gold,7.27
563,Star Wars: X-Wing Miniatures Game – The Force Awakens Core Set,7.77
564,Francis Drake,7.39
565,A Game of Thrones,7.19
566,Dice Throne: Season One,7.56
567,So Clover!,7.58
568,Blood Bowl (2016 Edition),8.00
569,Gears of War: The Board Game,7.47
570,A Game of Thrones: The Card Game (Second Edition),7.53
571,Coup,6.99
572,Draftosaurus,7.14
573,Black Rose Wars,8.05
574,Zombicide,7.12
575,Descent: Legends of the Dark,7.99
576,Quantum,7.26
577,Triumph & Tragedy: European Balance of Power 1936-1945,8.15
578,Imperial Struggle,8.32
579,Aquatica,7.42
580,Thebes,7.13
581,Cooper Island,7.63
582,Star Trek: Ascendancy,7.82
583,Mare Nostrum: Empires,7.55
584,The Battle of Five Armies,7.88
585,KeyForge: Call of the Archons,7.17
586,Snowdonia,7.35
587,Zombicide: Green Horde,7.74
588,Formula D,7.01
589,The Republic of Rome,7.54
590,Betrayal at House on the Hill,7.04
591,Unlock!: Heroic Adventures,7.67
592,SCOUT,7.70
593,Time's Up!,7.29
594,Taluva,7.15
595,One Night Ultimate Werewolf: Daybreak,7.33
596,Pax Renaissance,8.01
597,Magic Maze,6.99
598,Coloretto,6.98
599,Trains,7.14
600,Medici,7.16
601,Earth Reborn,7.63
602,Cartographers Heroes,7.92
603,Fort,7.21
604,Cuba Libre,7.69
605,Summoner Wars,7.24
606,The Downfall of Pompeii,7.15
607,Shakespeare,7.43
608,Mr. Jack,6.99
609,Lord of the Rings: The Confrontation,7.20
610,Crusaders: Thy Will Be Done,7.50
611,6 nimmt!,6.94
612,Undaunted: North Africa,7.87
613,Belfort,7.22
614,HeroQuest,7.16
615,Kingdom Builder,6.95
616,Cacao,7.09
617,Dixit: Journey,7.40
618,Cuba,7.13
619,Shadows of Brimstone: Swamps of Death,8.03
620,Elder Sign,6.97
621,Luna,7.30
622,Whitehall Mystery,7.56
623,Between Two Castles of Mad King Ludwig,7.27
624,Escape: The Curse of the Temple,6.98
625,Torres,7.10
626,Exit: The Game – The Pharaoh's Tomb,7.19
627,Disney Villainous: Wicked to the Core,7.61
628,Dead Reckoning,8.32
629,Myrmes,7.27
630,Smash Up: Awesome Level 9000,7.23
631,Shards of Infinity,7.51
632,Fury of Dracula (Second Edition),7.11
633,Feudum,7.64
634,Yamataï,7.21
635,Tokaido,6.96
636,Thunderstone Advance: Towers of Ruin,7.35
637,D-Day at Omaha Beach,8.29
638,ZhanGuo,7.57
639,Defenders of the Realm,7.28
640,Telestrations: 12 Player Party Pack,7.75
641,Specter Ops,7.20
642,Leaving Earth,7.75
643,Civilization: A New Dawn,7.28
644,Arkwright,7.83
645,The Oracle of Delphi,7.29
646,Prêt-à-Porter,7.36
647,IKI,7.72
648,Treasure Island,7.26
649,Wir sind das Volk!,7.83
650,Unfathomable,7.70
651,QE,7.42
652,Mexica,7.24
653,Tash-Kalar: Arena of Legends,7.17
654,Planet Unknown,7.98
655,Steampunk Rally,7.19
656,Ascension: Deckbuilding Game,7.03
657,Warhammer Quest: The Adventure Card Game,7.33
658,A Fake Artist Goes to New York,7.16
659,Love Letter: Batman,7.27
660,Cribbage,7.08
661,AuZtralia,7.39
662,Churchill,7.67
663,Bus,7.58
664,Onirim (Second Edition),7.06
665,Dragon Castle,7.15
666,Wallenstein,7.47
667,Vegas Showdown,7.16
668,The Networks,7.18
669,Century: A New World,7.38
670,Carcassonne: The Castle,7.10
671,BANG! The Dice Game,6.92
672,My Little Scythe,7.29
673,Merv: The Heart of the Silk Road,7.60
674,Villagers,7.23
675,Century: Eastern Wonders,7.16
676,Disney Villainous: Evil Comes Prepared,7.61
677,K2,7.03
678,Advanced Squad Leader: Starter Kit #1,7.84
679,Disney Villainous,7.02
680,Ashes Reborn: Rise of the Phoenixborn,7.28
681,Space Hulk: Death Angel – The Card Game,7.00
682,City of the Big Shoulders,7.81
683,Yspahan,7.07
684,Imperium: Legends,7.91
685,Oh My Goods!,7.00
686,Middle-Earth Quest,7.39
687,Between Two Cities,7.00
688,Shipyard,7.35
689,Diplomacy,7.04
690,Coal Baron,7.28
691,The Estates,7.44
692,Etherfields,8.03
693,Eminent Domain,7.00
694,New Frontiers,7.47
695,Wits & Wagers,6.93
696,Up Front,7.88
697,Trismegistus: The Ultimate Formula,7.62
698,Empires: Age of Discovery,7.86
699,Space Hulk,7.48
700,Reef,7.05
701,Chronicles of Crime: 1400,7.83
702,CO₂: Second Chance,7.59
703,Yellow & Yangtze,7.86
704,Trails of Tucana,7.43
705,Cry Havoc,7.16
706,Arcadia Quest: Inferno,7.92
707,Splendor: Marvel,7.64
708,Ex Libris,7.16
709,Caverna: Cave vs Cave,7.14
710,Kanagawa,7.06
711,The Duke,7.35
712,Warhammer: Invasion,7.23
713,Saint Petersburg (Second Edition),7.48
714,Super Motherload,7.37
715,MicroMacro: Crime City – Full House,7.79
716,Blue Moon City,7.04
717,Crystal Palace,7.55
718,Vast: The Crystal Caverns,7.15
719,World Without End,7.24
720,The Magnificent,7.57
721,Zombicide Season 2: Prison Outbreak,7.37
722,Black Angel,7.32
723,Marvel United: X-Men,8.26
724,878 Vikings: Invasions of England,7.53
725,Deep Sea Adventure,6.94
726,Foundations of Rome,8.08
727,1989: Dawn of Freedom,7.80
728,Rhino Hero: Super Battle,7.26
729,Whistle Mountain,7.70
730,Detective: City of Angels,7.93
731,Exit: The Game – The Secret Lab,7.08
732,King of New York,6.92
733,Finca,7.06
734,Blokus,6.86
735,"Heroes of Land, Air & Sea",7.63
736,Star Trek: Fleet Captains,7.49
737,Dogs of War,7.52
738,Among the Stars,7.05
739,Panamax,7.31
740,Empire of the Sun,8.26
741,FUSE,7.03
742,Ticket to Ride: Rails & Sails,7.42
743,Railroad Ink: Blazing Red Edition,7.13
744,Squad Leader,7.53
745,New York Zoo,7.18
746,Dungeons & Dragons: The Legend of Drizzt Board Game,7.23
747,Zombicide: 2nd Edition,8.08
748,The Bloody Inn,7.04
749,Perudo,6.91
750,The Shipwreck Arcana,7.49
751,Lords of Xidit,7.11
752,Ricochet Robots,7.02
753,Sub Terra,7.38
754,Crown of Emara,7.43
755,The Great Wall,7.87
756,Tribune: Primus Inter Pares,7.22
757,Project: ELITE,8.04
758,Jambo,7.00
759,Tang Garden,7.44
760,Yedo,7.37
761,Fugitive,7.19
762,Vasco da Gama,7.23
763,Washington's War,7.62
764,Unlock!: Timeless Adventures,7.82
765,Outlive,7.32
766,The Pursuit of Happiness,7.18
767,Summoner Wars: Alliances Master Set,8.07
768,Can't Stop,6.87
769,One Deck Dungeon,7.00
770,Menara,7.46
771,Red7,6.89
772,Not Alone,6.99
773,XCOM: The Board Game,7.02
774,"13 Days: The Cuban Missile Crisis, 1962",7.25
775,Bloodborne: The Board Game,7.91
776,Reef Encounter,7.14
777,Dice Hospital,7.16
778,Gentes,7.43
779,Combat Commander: Pacific,8.12
780,ZÈRTZ,7.27
781,Scoville,7.14
782,Conflict of Heroes: Awakening the Bear! – Russia 1941-42,7.50
783,Napoleon's Triumph,7.99
784,Celestia,6.96
785,Star Wars: The Card Game,7.18
786,Pandemic: Rising Tide,7.59
787,Unmatched: Little Red Riding Hood vs. Beowulf,8.32
788,Friedrich,7.57
789,Tammany Hall,7.29
790,The Mind,6.82
791,Incan Gold,6.82
792,Dale of Merchants,7.19
793,Spyfall,6.82
794,Spyrium,7.05
795,Marvel Dice Masters: Avengers vs. X-Men,7.13
796,Unfair,7.33
797,Blood on the Clocktower,8.21
798,Carcassonne: The City,7.21
799,Tumblin-Dice,7.21
800,Tajemnicze Domostwo,7.14
801,Tinners' Trail,7.24
802,Wizard,6.95
803,Hyperborea,7.19
804,Union Pacific,7.21
805,Cerebria: The Inside World,7.78
806,Brew Crafters,7.43
807,Dinosaur Island: Rawr 'n Write,7.85
808,Morels,6.99
809,Catacombs (Third Edition),7.52
810,Ca$h 'n Guns: Second Edition,6.86
811,Santiago,7.12
812,Forbidden Island,6.78
813,Rhino Hero,6.93
814,Thunderstone,6.92
815,The Palaces of Carrara,7.15
816,Warhammer Underworlds: Shadespire,7.69
817,Blue Lagoon,7.20
818,Libertalia: Winds of Galecrest,7.56
819,Hannibal & Hamilcar,8.32
820,SpaceCorp: 2025-2300AD,7.70
821,San Marco,7.18
822,The Lost Expedition,7.06
823,Rurik: Dawn of Kiev,7.83
824,Letter Jam,7.23
825,Roll Through the Ages: The Bronze Age,6.86
826,Signorie,7.41
827,Virgin Queen,8.04
828,Container,7.15
829,Paris: La Cité de la Lumière,7.37
830,Summoner Wars: Phoenix Elves vs Tundra Orcs,7.51
831,Last Night on Earth: The Zombie Game,6.92
832,Akrotiri,7.20
833,Pictomania,7.27
834,Red Rising,7.11
835,Formula Dé,6.99
836,Homesteaders,7.20
837,Golem,7.67
838,Disney Villainous: Perfectly Wretched,7.74
839,Battle for Rokugan,7.44
840,Qwixx,6.87
841,Genoa,7.06
842,Legendary: A Marvel Deck Building Game – Villains,7.55
843,Bridge,7.45
844,Conflict of Heroes: Awakening the Bear! – Operation Barbarossa 1941 (Second Edition),7.93
845,Parade,6.99
846,Kitchen Rush,7.28
847,Maharaja: The Game of Palace Building in India,7.11
848,Galaxy Trucker,7.63
849,Last Bastion,7.53
850,Mahjong,7.03
851,Lanterns: The Harvest Festival,6.89
852,Wasteland Express Delivery Service,7.37
853,Heroscape Master Set: Swarm of the Marro,7.63
854,Raccoon Tycoon,7.34
855,Palm Island,7.13
856,Louis XIV,7.06
857,Call to Adventure,7.15
858,Jaws,7.18
859,Thunder Alley,7.31
860,Adrenaline,7.02
861,Dungeons & Dragons: Wrath of Ashardalon Board Game,7.11
862,Core Worlds,7.16
863,Tragedy Looper,7.18
864,Summoner Wars: Guild Dwarves vs Cave Goblins,7.57
865,Detective Club,7.39
866,The Others,7.33
867,Web of Power,7.30
868,Smash Up: Science Fiction Double Feature,7.26
869,Luxor,7.20
870,Railroad Ink Challenge: Lush Green Edition,7.75
871,Werewords,7.14
872,Britannia,7.20
873,Age of Industry,7.36
874,Dungeons & Dragons: Castle Ravenloft Board Game,6.98
875,Zooloretto,6.82
876,Nightmare Productions,7.05
877,Coffee Roaster,7.42
878,The Adventures of Robin Hood,7.65
879,Warp's Edge,7.79
880,Lovecraft Letter,7.22
881,Tiny Epic Quest,7.00
882,Attika,6.99
883,Ascension: Storm of Souls,7.29
884,The LOOP,7.80
885,Legacy: The Testament of Duke de Crecy,7.14
886,Concept,6.79
887,The Castles of Burgundy: The Card Game,6.98
888,Babylonia,7.67
889,7 Wonders: Architects,7.06
890,Hawaii,7.12
891,Snow Tails,6.97
892,Istanbul: The Dice Game,7.17
893,DinoGenics,7.63
894,Unmatched: Jurassic Park – InGen vs Raptors,8.17
895,Merchants Cove,7.62
896,5-Minute Dungeon,6.97
897,Meeple Circus,7.07
898,Creature Comforts,7.63
899,Circadians: First Light,7.61
900,Fabled Fruit,7.00
901,Zombicide: Invader,7.83
902,Qwirkle,6.78
903,A War of Whispers,7.39
904,Tak,7.60
905,Roam,7.34
906,DC Comics Deck-Building Game,7.04
907,The Grimm Forest,7.11
908,Santa Monica,7.28
909,Maquis,7.44
910,Flick 'em Up!,6.89
911,Dominant Species: Marine,8.09
912,Lowlands,7.41
913,Kingsburg (Second Edition),7.44
914,Gold West,7.32
915,Ohanami,7.33
916,Clinic: Deluxe Edition,7.66
917,Black Sonata,7.50
918,Condottiere,6.87
919,Pax Renaissance: 2nd Edition,8.62
920,The City of Kings,7.61
921,Antike,7.09
922,Ascension: Return of the Fallen,7.28
923,The Speicherstadt,7.03
924,La Città,7.02
925,Regicide,7.52
926,Abomination: The Heir of Frankenstein,7.49
927,Discoveries: The Journals of Lewis & Clark,7.05
928,Herbaceous,7.07
929,Caylus 1303,7.51
930,Cat Lady,7.06
931,History of the World,7.12
932,Tidal Blades: Heroes of the Reef,7.63
933,Star Trek: Frontiers,7.85
934,Automobiles,7.23
935,Legendary Encounters: A Predator Deck Building Game,7.43
936,Mr. Jack Pocket,6.86
937,Manila,6.98
938,Riverboat,7.45
939,Marvel Dice Masters: Uncanny X-Men,7.17
940,Unlock!: Epic Adventures,7.79
941,Star Wars: The Queen's Gambit,7.55
942,Mint Works,6.97
943,Rivals for Catan,6.96
944,Majesty: For the Realm,6.96
945,Orchard: A 9 card solitaire game,7.42
946,World's Fair 1893,7.17
947,Black Fleet,7.00
948,Cottage Garden,6.87
949,Polis: Fight for the Hegemony,7.52
950,Valley of the Kings,7.03
951,Railroad Revolution,7.35
952,Empires of the Void II,7.50
953,Winner's Circle,6.99
954,Merchant of Venus (Second Edition),7.15
955,Smash Up: Pretty Pretty Smash Up,7.24
956,Irish Gauge,7.30
957,Caper: Europe,7.97
958,Zombicide Season 3: Rue Morgue,7.52
959,Islebound,7.18
960,Wildlands,7.29
961,Space Hulk (Fourth Edition),7.94
962,Fields of Green,7.15
963,Firenze,7.24
964,A Distant Plain,7.83
965,"Warhammer 40,000: Conquest",7.36
966,Bullet♥︎,7.72
967,Wiz-War (Eighth Edition),7.05
968,A Study in Emerald,7.20
969,Azul: Queen's Garden,7.59
970,CO₂,7.12
971,"Time of Crisis: The Roman Empire in Turmoil, 235-284 AD",7.62
972,Tiny Epic Dinosaurs,7.38
973,Falling Sky: The Gallic Revolt Against Caesar,7.85
974,Ticket to Ride: New York,6.96
975,Khôra: Rise of an Empire,7.51
976,Nations: The Dice Game,6.96
977,"Hey, That's My Fish!",6.69
978,ICECOOL,6.80
979,Living Forest,7.35
980,Reavers of Midgard,7.42
981,Container: 10th Anniversary Jumbo Edition!,7.68
982,Dinosaur World,7.48
983,The Reckoners,7.74
984,Dice Town,6.86
985,Shikoku 1889,7.97
986,NMBR 9,6.89
987,Era: Medieval Age,7.24
988,Rex: Final Days of an Empire,7.07
989,Witchstone,7.65
990,Tales & Games: The Hare & the Tortoise,7.09
991,Clever Cubed,7.60
992,Via Nebula,7.04
993,Ecos: First Continent,7.17
994,Loony Quest,6.91
995,The Lord of the Rings,6.74
996,Smash Up: Monster Smash,7.27
997,The Big Book of Madness,6.92
998,Tide of Iron,7.20
999,Thunderstone: Dragonspire,7.33
1000,Wilderness War,7.71
1001,Archaeology: The New Expedition,7.14
1002,Mind MGMT: The Psychic Espionage “Game.”,8.03
1003,Paper Tales,7.04
1004,Little Town,7.23
1005,Metropolys,7.03
1006,Zendo,7.23
1007,Stronghold,7.15
1008,Netrunner,7.44
1009,Vinci,7.07
1010,When I Dream,7.00
1011,Linko!,7.00
1012,BattleCON: War of Indines,7.69
1013,Brian Boru: High King of Ireland,7.64
1014,Fauna,7.03
1015,Cockroach Poker,6.77
1016,Axis & Allies Anniversary Edition,7.43
1017,Yedo: Deluxe Master Set,8.01
1018,Ticket to Ride: London,7.13
1019,Terror in Meeple City,6.84
1020,Batman: Gotham City Chronicles,7.66
1021,Mr. Jack in New York,7.20
1022,Ghost Fightin' Treasure Hunters,7.14
1023,Hardback,7.21
1024,Smash Up,6.72
1025,Two Rooms and a Boom,6.99
1026,Dream Home,6.89
1027,Messina 1347,7.72
1028,Runebound: Second Edition,6.88
1029,Rallyman: GT,7.27
1030,China,6.99
1031,Quarriors!,6.74
1032,Ambush!,7.49
1033,Outfoxed!,7.17
1034,Quarto,6.87
1035,Unsettled,8.16
1036,Ikusa,7.02
1037,Tsuro,6.67
1038,Alma Mater,7.45
1039,Shadowrun: Crossfire,7.14
1040,Explorers of the North Sea,7.29
1041,Diamonds: Second Edition,6.91
1042,Eight-Minute Empire: Legends,6.94
1043,Flamecraft,7.77
1044,Battle Cry,7.15
1045,Quartermaster General,7.34
1046,Automania,7.33
1047,Merlin,7.12
1048,Animal Upon Animal,6.80
1049,Coconuts,7.03
1050,Shadow Hunters,6.82
1051,Battles of Westeros,7.25
1052,Deep Space D-6,7.21
1053,Wendake,7.50
1054,CuBirds,6.95
1055,Haggis,6.98
1056,The Prodigals Club,7.30
1057,Yggdrasil,7.04
1058,Honshū,6.94
1059,Mottainai,7.02
1060,Massive Darkness,7.16
1061,Rajas of the Ganges: The Dice Charmers,7.59
1062,Chimera Station,7.27
1063,Men at Work,7.27
1064,Warhammer Quest,7.48
1065,Legacy of Dragonholt,7.25
1066,Sons of Anarchy: Men of Mayhem,7.27
1067,Witness,7.26
1068,1812: The Invasion of Canada,7.34
1069,No Retreat! The Russian Front,7.77
1070,"Julius Caesar: Caesar, Pompey, and the Roman Civil War",7.79
1071,Unlock!: Escape Adventures – Squeek & Sausage,7.17
1072,Domaine,6.98
1073,Risk: Star Wars Edition,7.02
1074,Loopin' Louie,6.75
1075,Fortune and Glory: The Cliffhanger Game,7.10
1076,For the People,7.78
1077,Andean Abyss,7.62
1078,Set a Watch,7.28
1079,Dead Men Tell No Tales,7.13
1080,Super Fantasy Brawl,7.80
1081,Jump Drive,6.99
1082,Insider,7.07
1083,My Father's Work,8.06
1084,Forum Trajanum,7.25
1085,The Castles of Tuscany,7.28
1086,Encore!,6.98
1087,Vanuatu,7.22
1088,Catan Card Game,6.71
1089,Star Wars: Legion,8.04
1090,Caylus Magna Carta,6.90
1091,Tawantinsuyu: The Inca Empire,7.50
1092,Power Grid: Factory Manager,6.84
1093,Primordial Soup,6.93
1094,Watson & Holmes,7.31
1095,Whistle Stop,7.09
1096,Three Kingdoms Redux,7.87
1097,Legend of the Five Rings: The Card Game,7.39
1098,La Isla,6.87
1099,Plague Inc.: The Board Game,7.43
1100,Steam Park,6.85
1101,Claustrophobia 1643,8.05
1102,Princes of the Renaissance,7.33
1103,Level 7 [Omega Protocol],7.45
1104,Sushi Roll,7.07
1105,On Tour,6.99
1106,Machi Koro,6.61
1107,Hansa,6.88
1108,Obscurio,7.18
1109,Witch's Brew,7.01
1110,Vikings Gone Wild,7.15
1111,Blueprints,6.80
1112,Conspiracy: Abyss Universe,7.33
1113,Pathfinder Adventure Card Game: Skull & Shackles – Base Set,7.30
1114,Manoeuvre,7.29
1115,Duelosaur Island,7.11
1116,Small World of Warcraft,7.42
1117,Crisis,7.53
1118,Fallout,6.93
1119,The Game,6.71
1120,Rise of Augustus,6.74
1121,Cockroach Poker Royal,7.07
1122,Fairy Tale,6.72
1123,Tiny Epic Dungeons,7.67
1124,Kraftwagen,7.24
1125,Colossal Arena,6.77
1126,Circle the Wagons,7.12
1127,Oriflamme,7.15
1128,Agra,7.33
1129,Stick 'Em,7.04
1130,Tiny Epic Zombies,6.99
1131,Council of 4,7.17
1132,Exit: The Game – The Sinister Mansion,7.33
1133,GIPF,7.10
1134,Street Masters,8.06
1135,Escape from the Aliens in Outer Space,6.93
1136,Fleet,6.87
1137,Escape Room: The Game,6.98
1138,Cleopatra and the Society of Architects,6.80
1139,Thunderbolt Apache Leader,8.04
1140,Merchants of the Dark Road,7.50
1141,Ninjato,7.18
1142,Mythos Tales,7.39
1143,Roll Player Adventures,8.32
1144,Spicy,7.18
1145,Peloponnes,7.11
1146,Strasbourg,7.16
1147,Brazil: Imperial,7.89
1148,Hamburgum,7.05
1149,High Frontier 4 All,8.49
1150,New York 1901,6.81
1151,A Touch of Evil: The Supernatural Game,6.98
1152,Poker,6.72
1153,Carcassonne: South Seas,7.07
1154,Fallout Shelter: The Board Game,7.30
1155,Blokus Duo,6.83
1156,Mysterium Park,7.17
1157,Endless Winter: Paleoamericans,8.00
1158,The Lord of the Rings: The Card Game – Revised Core Set,8.59
1159,Dungeon Fighter,6.82
1160,Castle Panic,6.65
1161,Fief: France 1429,7.44
1162,Ponzi Scheme,7.17
1163,Medieval Academy,6.95
1164,Pictomania (Second Edition),7.59
1165,Final Girl,8.38
1166,Hacienda,6.93
1167,The Golden Ages,7.26
1168,Startups,7.15
1169,Claim,6.98
1170,Santiago de Cuba,6.89
1171,Ultimate Werewolf: Ultimate Edition,6.99
1172,Arkadia,6.91
1173,Spirits of the Wild,7.36
1174,Mission: Red Planet,6.89
1175,A Game of Thrones: The Card Game,6.82
1176,ISS Vanguard,9.10
1177,Dungeon Twister,6.82
1178,Java,7.01
1179,Thunderbirds,7.56
1180,Rise of Tribes,7.17
1181,Smash Up: It's Your Fault!,7.51
1182,Liberty or Death: The American Insurrection,7.80
1183,Carcassonne: Winter Edition,7.50
1184,Keythedral,7.05
1185,Royals,7.17
1186,Hostage Negotiator,6.84
1187,Exit: The Game – The Sunken Treasure,7.07
1188,Faiyum,7.56
1189,The Werewolves of Miller's Hollow,6.71
1190,Trains: Rising Sun,7.43
1191,Sentient,7.22
1192,Unmatched Game System,8.36
1193,Odin's Ravens (Second Edition),7.02
1194,Folklore: The Affliction,7.74
1195,Rattus,6.78
1196,Three Sisters,7.70
1197,Fog of Love,6.77
1198,BattleTech,7.08
1199,"The Hunters: German U-Boats at War, 1939-43",7.75
1200,Liberté,7.13
1201,Viceroy,6.81
1202,Ulm,7.04
1203,Castell,7.45
1204,Elfenland,6.69
1205,Merchant of Venus,7.14
1206,Copenhagen,7.04
1207,Planet Steam,7.12
1208,Guildhall,6.90
1209,18Chesapeake,7.78
1210,The Magic Labyrinth,6.82
1211,Betrayal at Baldur's Gate,7.11
1212,Medina,7.02
1213,Dead Man's Draw,6.85
1214,Rialto,6.90
1215,1862: Railway Mania in the Eastern Counties,8.28
1216,Ubongo,6.70
1217,Timeline: Inventions,6.71
1218,Evo,6.87
1219,Moonrakers,7.85
1220,Sylvion,7.09
1221,Catacombs,7.07
1222,Rallyman,7.20
1223,Codex Naturalis,7.23
1224,Dale of Merchants 2,7.31
1225,Dark Moon,7.00
1226,UBOOT: The Board Game,7.66
1227,Axis & Allies Europe 1940,7.56
1228,Super-Skill Pinball: 4-Cade,7.21
1229,Conflict of Heroes: Storms of Steel! – Kursk 1943,7.70
1230,Maximum Apocalypse,7.56
1231,Qwinto,7.02
1232,Paris,7.29
1233,Ghost Blitz,6.71
1234,Hellboy: The Board Game,7.86
1235,New Angeles,7.10
1236,Cartagena,6.68
1237,Saboteur,6.56
1238,Flick of Faith,7.40
1239,Heroes of Normandie,7.46
1240,KeyForge: Age of Ascension,7.28
1241,Mariposas,6.91
1242,One Deck Dungeon: Forest of Shadows,7.15
1243,Keyper,7.31
1244,Fearsome Floors,6.67
1245,Fire & Axe: A Viking Saga,7.00
1246,TransAmerica,6.68
1247,Rolling Realms,7.22
1248,The Captain Is Dead,7.10
1249,Star Trek: Catan,7.00
1250,Wings of War: Famous Aces,6.86
1251,Tussie Mussie,6.97
1252,World of Warcraft: Wrath of the Lich King,7.61
1253,Eat Poop You Cat,7.46
1254,Fireball Island: The Curse of Vul-Kar,6.82
1255,Starship Catan,6.84
1256,Warsaw: City of Ruins,7.33
1257,Coloma,7.37
1258,The Little Prince: Make Me a Planet,6.91
1259,Exit: The Game – The Forgotten Island,6.95
1260,Carnival of Monsters,7.29
1261,Mega Civilization,8.24
1262,Titan,6.97
1263,The Castles of Burgundy: The Dice Game,6.90
1264,Mystery Rummy: Jack the Ripper,6.95
1265,Tournay,6.98
1266,Lockup: A Roll Player Tale,7.37
1267,Villages of Valeria,7.01
1268,Advanced Squad Leader: Starter Kit #2,7.96
1269,Mykerinos,6.85
1270,Werewords Deluxe Edition,7.57
1271,Welcome to the Dungeon,6.57
1272,XenoShyft: Onslaught,6.93
1273,The Starfarers of Catan,6.81
1274,Back to the Future: Back in Time,7.29
1275,Here I Stand: 500th Anniversary Edition,8.59
1276,Doom: The Boardgame,6.86
1277,The Staufer Dynasty,7.15
1278,Porta Nigra,7.18
1279,Unearth,6.87
1280,Kahuna,6.62
1281,Aeon's End: Outcasts,8.59
1282,Murano,7.19
1283,Merkator,7.04
1284,Room 25,6.72
1285,Spot it!,6.58
1286,Unlock!: Escape Adventures – The Formula,7.01
1287,Stronghold: 2nd edition,7.47
1288,Jekyll vs. Hyde,7.34
1289,Deep Madness,7.87
1290,Cosmic Encounter,6.92
1291,Say Anything,6.72
1292,Museum,7.22
1293,Botanik,7.75
1294,Cross Clues,7.34
1295,Imperial Steam,7.85
1296,Heroes of Terrinoth,7.32
1297,Cahoots,7.16
1298,Asara,7.01
1299,Imhotep: The Duel,7.11
1300,The Fox in the Forest Duet,7.10
1301,V-Sabotage,7.75
1302,Exit: The Game – The Polar Station,6.90
1303,Gloom of Kilforth: A Fantasy Quest Game,7.56
1304,Manhattan,6.73
1305,Agricola: Family Edition,7.09
1306,Calimala,7.20
1307,Gravwell: Escape from the 9th Dimension,6.89
1308,Barony,7.08
1309,Exit: The Game – The Mysterious Museum,7.17
1310,Guillotine,6.53
1311,Walking in Burano,7.15
1312,Timeline: Events,6.78
1313,Escape Tales: The Awakening,7.10
1314,Wyatt Earp,6.83
1315,Turn the Tide,6.78
1316,Naga Raja,7.18
1317,Rum & Bones: Second Tide,7.64
1318,Warrior Knights,6.87
1319,NEOM,7.33
1320,Kingdom Rush: Rift in Time,7.45
1321,Dice City,6.75
1322,Edge of Darkness,7.50
1323,Chronicles of Crime: 1900,8.13
1324,Aton,6.87
1325,Pioneer Days,7.26
1326,Balloon Cup,6.68
1327,Dice Throne,7.79
1328,La Cosa Nostra,7.65
1329,Blue Moon,6.70
1330,Valley of the Kings: Afterlife,7.25
1331,Las Vegas Royale,7.44
1332,Brew,7.21
1333,Amyitis,6.92
1334,Viral,6.97
1335,Medina (Second Edition),7.21
1336,Solenia,7.08
1337,Lost Cities: The Board Game,6.79
1338,Rune Age,6.81
1339,DC Comics Deck-Building Game: Heroes Unite,7.39
1340,Mascarade,6.59
1341,Ascending Empires,7.18
1342,Ca$h 'n Gun$,6.56
1343,Aftermath,7.70
1344,Galaxy Defenders,7.45
1345,Vampire: The Eternal Struggle,7.23
1346,Star Wars: Epic Duels,7.01
1347,Pickomino,6.57
1348,Canopy,7.49
1349,Genotype: A Mendelian Genetics Game,7.59
1350,De Vulgari Eloquentia,7.22
1351,Mindbug: First Contact,7.96
1352,Escape the Dark Castle,7.46
1353,Bausack,6.81
1354,Tides of Time,6.61
1355,Ticket to Ride: Germany,7.61
1356,Wild Space,7.27
1357,Agropolis,7.50
1358,CloudAge,7.33
1359,Löwenherz,7.04
1360,Quoridor,6.66
1361,It's a Wonderful Kingdom,7.53
1362,SHŌBU,7.56
1363,Meuterer,6.87
1364,Roma,6.75
1365,Star Wars: Unlock!,7.09
1366,Smart10,7.51
1367,Le Havre: The Inland Port,6.83
1368,Kodama: The Tree Spirits,6.71
1369,Imagine,6.89
1370,The Artemis Project,7.28
1371,Yukon Airways,7.39
1372,Ishtar: Gardens of Babylon,7.05
1373,Nothing Personal,7.05
1374,Axis & Allies Pacific 1940,7.50
1375,Aladdin's Dragons,6.90
1376,Antike II,7.46
1377,Blokus 3D,6.79
1378,Haspelknecht: The Story of Early Coal Mining,7.24
1379,Pavlov's House,7.95
1380,Top Ten,7.58
1381,Kremlin,6.97
1382,Fields of Fire,7.86
1383,Onirim,6.65
1384,Expedition to Newdale,7.44
1385,Carolus Magnus,6.83
1386,Beasty Bar,6.82
1387,Similo,6.84
1388,Robo Rally,7.02
1389,Wildcatters,7.60
1390,Infinity Gauntlet: A Love Letter Game,7.05
1391,The 7th Continent: Classic Edition,7.75
1392,The Initiative,7.66
1393,Wallenstein (Second Edition),7.59
1394,D-Day Dice,6.83
1395,Scotland Yard,6.51
1396,Tides of Madness,6.80
1397,Illusion,6.76
1398,Backgammon,6.55
1399,DOOM: The Board Game,7.45
1400,Pictures,7.19
1401,Bargain Quest,6.91
1402,Timeline: General Interest,6.78
1403,Dungeons & Dragons: Temple of Elemental Evil Board Game,7.39
1404,Exit: The Game – The Catacombs of Horror,7.37
1405,Factory Fun,6.81
1406,Tramways,7.41
1407,"Unmatched: Battle of Legends, Volume Two",8.52
1408,Advanced Squad Leader: Starter Kit #3,8.04
1409,Stephenson's Rocket,6.91
1410,Strike,6.91
1411,Eight-Minute Empire,6.57
1412,Traders of Osaka,6.82
1413,Middle-earth,7.31
1414,Sun Tzu,7.05
1415,Necromunda,7.30
1416,Blokus Trigon,6.90
1417,Sleuth,6.90
1418,Kingdomino Origins,7.62
1419,Yomi,6.95
1420,Café,7.37
1421,Omen: A Reign of War,7.33
1422,Happy Salmon,6.71
1423,Renegade,7.73
1424,Coup: Rebellion G54,6.99
1425,Zombie Teenz Evolution,7.81
1426,Sword of Rome,7.34
1427,Battle Line: Medieval,7.68
1428,Sherlock Holmes Consulting Detective: Carlton House & Queen's Park,7.88
1429,Horrified: American Monsters,7.65
1430,Magic Realm,7.26
1431,The Rose King,6.81
1432,BANG!,6.50
1433,The Guild of Merchant Explorers,7.79
1434,Patchistory,7.10
1435,Riftforce,7.45
1436,Coffee Traders,7.79
1437,The Quest for El Dorado: The Golden Temples,7.75
1438,High Frontier,7.38
1439,My Village,6.93
1440,Maglev Metro,7.31
1441,Kashgar: Merchants of the Silk Road,7.07
1442,In the Shadow of the Emperor,6.87
1443,Sherlock Holmes Consulting Detective: The Baker Street Irregulars,8.45
1444,Pixel Tactics,6.87
1445,Space Crusade,7.03
1446,Power Grid: The First Sparks,6.79
1447,Piepmatz,7.11
1448,Junta,6.69
1449,Masmorra: Dungeons of Arcadia,7.05
1450,Havana,6.85
1451,Pueblo,6.95
1452,The Scepter of Zavandor,6.97
1453,Planet,6.71
1454,Hit Z Road,6.77
1455,Aerion,7.39
1456,Empire Builder,6.95
1457,1856: Railroading in Upper Canada from 1856,7.51
1458,Skulk Hollow,7.33
1459,Indian Summer,6.79
1460,I'm the Boss!,6.77
1461,Doomtown: Reloaded,7.12
1462,Neanderthal,7.33
1463,Trekking the World,7.12
1464,Welcome Back to the Dungeon,6.76
1465,Navajo Wars,7.96
1466,RAF: The Battle of Britain 1940,8.02
1467,Giants,6.96
1468,Oceanos,6.83
1469,Ascension: Immortal Heroes,7.34
1470,Codex: Card-Time Strategy – Deluxe Set,8.02
1471,Mü & More,7.15
1472,Nanty Narking,7.55
1473,Indigo,6.84
1474,Olympos,6.91
1475,CV,6.60
1476,Spyfall 2,6.91
1477,Shogi,7.39
1478,Stella: Dixit Universe,7.29
1479,Gingerbread House,7.00
1480,Ingenious: Travel Edition,7.10
1481,Dice Settlers,6.94
1482,Pirate's Cove,6.57
1483,Wars of the Roses: Lancaster vs. York,7.36
1484,Aquaretto,6.98
1485,Bloodborne: The Card Game,6.90
1486,The Civil War 1861-1865,7.73
1487,Ad Astra,6.87
1488,Risk 2210 A.D.,6.69
1489,Skulls of Sedlec,7.50
1490,Kitchen Rush (Revised Edition),7.57
1491,Walnut Grove,6.98
1492,Trapwords,6.98
1493,Dragonfire,7.17
1494,Kingdoms,6.65
1495,The Rich and the Good,7.09
1496,Warhammer Quest: Blackstone Fortress,7.87
1497,Exit: The Game – The Forbidden Castle,6.83
1498,Unlock!: Secret Adventures – The Adventurers of Oz,7.40
1499,Tortuga 1667,6.93
1500,Unlock!: Mythic Adventures,7.77
1501,Revolution!,6.72
1502,Renature,7.22
1503,The Red Dragon Inn 2,6.92
1504,Age of Renaissance,7.10
1505,Tiny Epic Kingdoms,6.56
1506,Call of Cthulhu: The Card Game,6.91
1507,Aristeia!,8.25
1508,Dungeon Degenerates: Hand of Doom,8.21
1509,Ogre,6.95
1510,Marrakech,6.69
1511,Unconditional Surrender! World War 2 in Europe,8.15
1512,Habitats,7.35
1513,Perseverance: Castaway Chronicles – Episodes 1 & 2,7.88
1514,Tempel des Schreckens,7.12
1515,Curious Cargo,7.20
1516,Android,6.74
1517,Fireteam Zero,7.51
1518,Mystery of the Abbey,6.54
1519,Thanos Rising: Avengers Infinity War,7.13
1520,The Bottle Imp,6.74
1521,Arctic Scavengers,6.80
1522,Miyabi,7.50
1523,Rise of Empires,7.04
1524,Power Struggle,6.98
1525,The Great Dalmuti,6.57
1526,Paper Dungeons: A Dungeon Scrawler Game,7.29
1527,The Climbers,6.80
1528,Himalaya,7.00
1529,Human Punishment: Social Deduction 2.0,7.68
1530,Here to Slay,6.98
1531,Pendragon: The Fall of Roman Britain,7.95
1532,Overboss: A Boss Monster Adventure,7.48
1533,1817,8.66
1534,Warfighter: The Tactical Special Forces Card Game,7.71
1535,Oregon,6.76
1536,Stardew Valley: The Board Game,7.40
1537,GKR: Heavy Hitters,7.62
1538,On the Underground,6.90
1539,The New Era,7.50
1540,Puzzle Strike: Third Edition,7.20
1541,Campy Creatures,7.07
1542,Adventure Land,6.92
1543,Drop It,6.92
1544,World of Warcraft: The Boardgame,6.69
1545,Ys,6.88
1546,Beyond Balderdash,6.82
1547,PitchCar Mini,6.97
1548,World in Flames,7.61
1549,SET,6.50
1550,Timeline: Discoveries,6.72
1551,Massive Darkness 2: Hellscape,8.11
1552,Otys,6.99
1553,The Lord of the Ice Garden,7.64
1554,Pergamon,6.91
1555,Axis & Allies,6.69
1556,6 nimmt! 25 Jahre,7.42
1557,The Ancient World (Second Edition),7.58
1558,Time's Up! Edición Amarilla,7.49
1559,Successors (Third Edition),7.53
1560,Rune Stones,7.28
1561,A Study in Emerald (Second Edition),6.90
1562,Harry Potter: Hogwarts Battle – Defence Against the Dark Arts,7.21
1563,"Artifacts, Inc.",6.76
1564,Chocolate Factory,7.14
1565,Machina Arcana (Second/Third Edition),8.10
1566,The Ancient World,7.01
1567,A House Divided: War Between the States 1861-65,7.08
1568,Gulo Gulo,6.83
1569,City of Iron,7.18
1570,Adventure Games: The Dungeon,6.99
1571,Unlock!: Mystery Adventures – The House on the Hill,7.01
1572,Legendary Encounters: A Firefly Deck Building Game,7.10
1573,Bios: Megafauna (Second Edition),7.67
1574,Samurai Spirit,6.63
1575,Jungle Speed,6.49
1576,Sanctum,7.13
1577,Path of Light and Shadow,7.42
1578,51st State,6.81
1579,Iwari,7.17
1580,Imaginarium,7.19
1581,Caesar!: Seize Rome in 20 Minutes!,7.73
1582,Capital Lux,7.01
1583,Kamisado,6.93
1584,Empires in Arms,7.62
1585,Sorcerer City,7.48
1586,Ave Caesar,6.62
1587,Battle Cry: 150th Civil War Anniversary Edition,7.64
1588,Key Flow,7.39
1589,Mordheim: City of the Damned,7.32
1590,Mangrovia,7.17
1591,Transatlantic,7.07
1592,König von Siam,6.92
1593,Bruxelles 1897,7.26
1594,Axis & Allies,6.57
1595,Leonardo da Vinci,6.74
1596,Love Letter: Adventure Time,7.24
1597,Ascension: Rise of Vigil,7.16
1598,Euthia: Torment of Resurrection,8.75
1599,Minecraft: Builders & Biomes,7.01
1600,New York Slice,6.71
1601,The Great Heartland Hauling Co.,6.86
1602,Carcassonne: Amazonas,7.06
1603,TRAILS,7.15
1604,Helvetia,6.98
1605,Food Chain Island,7.27
1606,Hare & Tortoise,6.63
1607,The Adventurers: The Temple of Chac,6.61
1608,Gutenberg,7.45
1609,1849: The Game of Sicilian Railways,8.20
1610,New Bedford,7.08
1611,The King Is Dead,7.13
1612,Flip Ships,7.01
1613,Wooden Ships & Iron Men,7.06
1614,Star Trek: Attack Wing,7.51
1615,Treasure Hunter,6.77
1616,Evo (Second Edition),6.94
1617,Favor of the Pharaoh,6.79
1618,Space Cadets: Dice Duel,6.76
1619,Sluff Off!,6.87
1620,Smash Up: The Obligatory Cthulhu Set,6.74
1621,Normandy '44,7.89
1622,The Russian Campaign,7.33
1623,Wits & Wagers Party,6.90
1624,Babel,6.65
1625,Virus!,6.74
1626,The Red Dragon Inn,6.57
1627,Ride the Rails,7.22
1628,Sheriff of Nottingham: 2nd Edition,7.43
1629,Battle Sheep,6.61
1630,Strat-O-Matic Baseball,7.82
1631,Forge War,7.21
1632,Niagara,6.47
1633,Altar Quest,7.79
1634,Trambahn,6.95
1635,Troyes Dice,7.08
1636,1860: Railways on the Isle of Wight,7.92
1637,Timeline: Music & Cinema,6.73
1638,Nefertiti,6.99
1639,Feed the Kraken,8.13
1640,DC Comics Dice Masters: Justice League,7.31
1641,La Boca,6.97
1642,The Expanse Board Game,7.19
1643,Big City,6.86
1644,Century: Golem Edition – Eastern Mountains,7.42
1645,Exodus: Proxima Centauri,7.15
1646,Steam Time,7.09
1647,Project: ELITE,7.61
1648,Unlock!: Mystery Adventures – The Tonipal's Treasure,7.02
1649,Petrichor,6.97
1650,Krosmaster: Arena,6.73
1651,Spirits of the Forest,6.88
1652,Fjords,6.74
1653,Clans,6.56
1654,Dice Throne: Season Two – Gunslinger v. Samurai,7.61
1655,Duplik,6.97
1656,Felicity: The Cat in the Sack,6.57
1657,Twilight Inscription,7.78
1658,Time's Up! Edición Azul,7.35
1659,Québec,7.14
1660,A Game of Thrones: Hand of the King,6.65
1661,Dungeon Mayhem,6.96
1662,Xiangqi,7.12
1663,Smash Up: Cease and Desist,7.44
1664,"Colonial Twilight: The French-Algerian War, 1954-62",7.75
1665,Ubongo 3D,7.08
1666,A Victory Lost: Crisis in Ukraine 1942-1943,7.66
1667,Masters of Renaissance: Lorenzo il Magnifico – The Card Game,7.22
1668,Antike Duellum,7.07
1669,Anomia,6.68
1670,Century: Golem Edition – An Endless World,7.65
1671,Steel Driver,6.97
1672,Abandon All Artichokes,6.68
1673,John Company,7.43
1674,Love Letter: The Hobbit – The Battle of the Five Armies,7.11
1675,Dungeons & Dragons Dice Masters: Battle for Faerûn,7.23
1676,Historia,6.88
1677,Reykholt,6.73
1678,Infinity N3: Core Book,8.07
1679,Odin's Ravens,6.66
1680,Machi Koro Legacy,6.97
1681,Tsuro of the Seas,6.53
1682,A Castle for All Seasons,6.73
1683,Carrom,7.06
1684,Egizia: Shifting Sands,7.55
1685,Karak,7.28
1686,Diamonds Club,7.04
1687,Llamaland,7.39
1688,Talisman: Revised 4th Edition,6.52
1689,The Bridges of Shangri-La,6.83
1690,Expedition: Northwest Passage,6.98
1691,Monolith Arena,7.49
1692,Château Roquefort,6.85
1693,Cóatl,7.04
1694,Sanssouci,7.13
1695,"Napoléon: The Waterloo Campaign, 1815",7.36
1696,Breakout: Normandy,7.69
1697,Holmes: Sherlock & Mycroft,6.82
1698,Ra: The Dice Game,6.78
1699,Pharaon,7.42
1700,My First Carcassonne,6.68
1701,Paranormal Detectives,7.05
1702,Cold War: CIA vs KGB,6.63
1703,Floriferous,7.64
1704,Legend of the Five Rings,7.16
1705,Cantaloop: Book 1 – Breaking into Prison,7.63
1706,Noctiluca,7.14
1707,Metro X,7.15
1708,Royal Palace,6.87
1709,Edo,7.06
1710,Tiny Epic Western,6.65
1711,ICECOOL2,7.20
1712,Burgle Bros 2: The Casino Capers,7.46
1713,Terramara,7.33
1714,Rummikub,6.42
1715,Pax Pamir,7.46
1716,L.L.A.M.A.,6.49
1717,Age of Civilization,7.10
1718,Bios: Origins (Second Edition),7.86
1719,Founding Fathers,6.96
1720,LYNGK,7.60
1721,Railroad Ink Challenge: Shining Yellow Edition,7.67
1722,Ground Floor,7.01
1723,Europe Engulfed: WWII European Theatre Block Game,7.47
1724,Theseus: The Dark Orbit,7.04
1725,Nautilion,7.23
1726,Eurorails,7.10
1727,Nyet!,6.77
1728,SPQR (Deluxe Edition),8.03
1729,Cytosis: A Cell Biology Board Game,7.05
1730,Field Commander: Napoleon,7.72
1731,The Red Dragon Inn 3,7.21
1732,Heroscape Marvel: The Conflict Begins,7.03
1733,5-Minute Marvel,6.83
1734,A Song of Ice & Fire: Tabletop Miniatures Game – Stark vs Lannister Starter Set,8.16
1735,Glasgow,7.19
1736,Monumental,7.64
1737,Thunderstone Advance: Numenera,7.28
1738,Warhammer: Diskwars,7.07
1739,Mini Rogue,7.66
1740,Mare Nostrum,6.72
1741,Warhammer Underworlds: Nightvault,7.80
1742,Sol: Last Days of a Star,7.55
1743,TEN,7.16
1744,Arena: Roma II,6.88
1745,Seeland,6.91
1746,Exit: The Game – The Haunted Roller Coaster,7.17
1747,Carcassonne: Gold Rush,7.14
1748,The Rise of Queensdale,7.48
1749,Rise to Nobility,7.00
1750,Labyrinth,6.40
1751,Dale of Merchants Collection,7.84
1752,The Boss,6.80
1753,B-17: Queen of the Skies,7.11
1754,La Granja: No Siesta,6.80
1755,Coal Baron: The Great Card Game,7.10
1756,Fertility,7.19
1757,Neta-Tanka: Deluxe Edition,7.22
1758,Memoarrr!,6.91
1759,Bootleggers,6.68
1760,Wasabi!,6.54
1761,Hoity Toity,6.52
1762,Trans Europa,6.65
1763,Cat in the Box: Deluxe Edition,7.79
1764,Mamma Mia!,6.47
1765,Marvel Dice Masters: Age of Ultron,7.23
1766,Wits & Wagers Family,6.91
1767,Race! Formula 90,7.97
1768,Stroganov,7.36
1769,Corinth,6.75
1770,The Hunger,7.17
1771,Cthulhu Realms,6.70
1772,Paris Connection,6.67
1773,Samurai Sword,6.67
1774,Endangered,7.61
1775,Tournament at Camelot,7.18
1776,Ascension: Realms Unraveled,7.53
1777,Factory Funner,7.24
1778,Show Manager,6.99
1779,Serenissima,6.86
1780,2 de Mayo,6.90
1781,Archaeology: The Card Game,6.67
1782,Pyramid of Pengqueen,6.89
1783,Pax Transhumanity,7.57
1784,Frank's Zoo,6.61
1785,Holland '44: Operation Market-Garden,8.28
1786,Hands in the Sea,7.85
1787,Citrus,7.10
1788,Wildlife Safari,6.66
1789,HeroQuest Advanced Quest,7.33
1790,Cutthroat Caverns,6.53
1791,Age of War,6.45
1792,Duel of Ages II,7.39
1793,Steampunk Rally Fusion,7.54
1794,Euchre,6.81
1795,Relic,6.76
1796,"Warriors of God: The Wars of England & France, 1135-1453",7.43
1797,Dr. Eureka,6.59
1798,Hamsterrolle,6.82
1799,Abalone,6.46
1800,Harbour,6.50
1801,Cryo,7.34
1802,Compounded,6.73
1803,Beyond Baker Street,6.84
1804,Vast: The Mysterious Manor,7.51
1805,Disney Villainous: Despicable Plots,7.61
1806,Tiny Epic Defenders (Second Edition),7.13
1807,Catan: Starfarers,7.66
1808,Castellion,6.92
1809,Um Reifenbreite,6.80
1810,Salem 1692,7.06
1811,Bob Ross: Art of Chill Game,6.80
1812,Glow,7.12
1813,Hornet Leader: Carrier Air Operations,7.88
1814,Rommel in the Desert,7.55
1815,Covert,7.10
1816,Qin,6.78
1817,Tranquility,7.04
1818,Kolejka,6.68
1819,Horus Heresy,7.05
1820,Teenage Mutant Ninja Turtles: Shadows of the Past,7.42
1821,The Hanging Gardens,6.78
1822,Spring Meadow,7.08
1823,Juicy Fruits,7.14
1824,Boss Monster 2: The Next Level,6.73
1825,Riff Raff,6.93
1826,John Company: Second Edition,8.60
1827,Conquest of the Empire,6.73
1828,Guilds of London,6.82
1829,Time's Up! Deluxe,7.49
1830,Seikatsu,7.07
1831,Catan Histories: Settlers of America – Trails to Rails,6.80
1832,Ganymede,7.21
1833,The Dresden Files Cooperative Card Game,7.04
1834,Mysthea,7.68
1835,Perikles,6.90
1836,Core Space,8.74
1837,You're Bluffing!,6.58
1838,Star Trek Panic,6.99
1839,Lotus,6.70
1840,Snake Oil,6.68
1841,Pandemic: Hot Zone – North America,7.06
1842,Pathfinder Adventure Card Game: Wrath of the Righteous – Base Set,7.46
1843,Palastgeflüster,6.78
1844,Sorcerer,7.66
1845,Ardennes '44: The Battle of the Bulge,8.02
1846,Gaslands: Post-Apocalyptic Vehicular Combat,8.09
1847,Impulse,6.82
1848,Wings of War: Watch Your Back!,6.98
1849,Tabannusi: Builders of Ur,7.47
1850,City of Horror,6.69
1851,Elasund: The First City,6.61
1852,Warfighter: The WWII Tactical Combat Card Game,7.88
1853,KeyForge: Worlds Collide,7.55
1854,World War II: Barbarossa to Berlin,7.31
1855,Pit,6.39
1856,Fighting Formations: Grossdeutschland Motorized Infantry Division,7.62
1857,City of Spies: Estoril 1942,7.04
1858,Lifeboats,6.58
1859,Stop Thief!,7.00
1860,Bios: Genesis,7.12
1861,Ticket to Ride: First Journey (U.S.),6.91
1862,Quests of Valeria,6.93
1863,Ribbit,6.78
1864,Terra,6.81
1865,The Flow of History,6.79
1866,Mafia de Cuba,6.54
1867,The Princes of Machu Picchu,6.96
1868,Blood Bowl: Second Season Edition,8.56
1869,Lignum (Second Edition),7.70
1870,High Frontier (Third Edition),8.22
1871,Dungeon Twister 2: Prison,7.28
1872,After The Virus,7.19
1873,Sail to India,6.69
1874,Voyages,7.56
1875,Flatline,7.12
1876,Iberian Gauge,7.41
1877,Risk: Europe,7.42
1878,HEXplore It: The Valley of the Dead King,7.77
1879,Axis & Allies: 1942,6.90
1880,Dominations: Road to Civilization,7.49
1881,Kepler-3042,7.32
1882,5-Minute Mystery,7.18
1883,Agents of SMERSH,6.97
1884,Stellar,7.44
1885,Belratti,7.17
1886,Wealth of Nations,6.93
1887,Heroscape Master Set:  Battle for the Underdark,7.51
1888,American Rails,7.40
1889,Meeple Land,7.35
1890,Zombie 15',6.84
1891,March of the Ants,7.20
1892,Razzia!,6.84
1893,Cube Quest,6.83
1894,XenoShyft: Dreadmire,7.24
1895,DungeonQuest,6.74
1896,Bananagrams,6.37
1897,Time of Legends: Joan of Arc,8.04
1898,Chakra,6.92
1899,Keltis,6.42
1900,Dragonwood,6.61
1901,Spades,6.77
1902,Once Upon a Time: The Storytelling Card Game,6.39
1903,D-Day Dice (Second Edition),7.52
1904,Marvel: Crisis Protocol,8.38
1905,Florenza,7.39
1906,Roll Camera!: The Filmmaking Board Game,7.70
1907,Frostgrave,8.12
1908,Jórvík,6.81
1909,Timeline Challenge,7.05
1910,Dealt!,7.07
1911,Alea Iacta Est,6.63
1912,Uprising: Curse of the Last Emperor,8.40
1913,Land vs Sea,7.32
1914,Sails of Glory,7.53
1915,Pastiche,6.82
1916,Custom Heroes,6.83
1917,Good Cop Bad Cop,6.60
1918,1870: Railroading across the Trans Mississippi from 1870,7.45
1919,Space Cadets,6.56
1920,FITS,6.57
1921,Balderdash,6.46
1922,Glüx,7.10
1923,Inkognito,6.59
1924,Akropolis,7.77
1925,The U.S. Civil War,8.28
1926,Hermagor,6.90
1927,Mall of Horror,6.63
1928,Drum Roll,6.88
1929,Castaways,6.96
1930,Chronicles of Avel,7.87
1931,Rum & Bones,6.92
1932,Victory in the Pacific,7.22
1933,Valletta,7.00
1934,Sagani,7.21
1935,Escape from Colditz,6.67
1936,We the People,7.30
1937,Inca Empire,7.02
1938,Isla Dorada,6.71
1939,Campaign Manager 2008,6.65
1940,1754: Conquest – The French and Indian War,7.77
1941,Skyjo,6.83
1942,Ragusa,6.99
1943,The Builders: Middle Ages,6.48
1944,Thunderstone Advance: Worlds Collide,7.75
1945,Dutch Blitz,6.68
1946,Subbuteo,6.98
1947,The Thing: The Boardgame,7.74
1948,DungeonQuest (Third Edition),6.63
1949,Days of Ire: Budapest 1956,7.34
1950,Hunt for the Ring,7.14
1951,Tanto Cuore,6.87
1952,Cosmic Encounter: 42nd Anniversary Edition,8.28
1953,Founders of Gloomhaven,6.66
1954,Yunnan,7.11
1955,Oltre Mare,6.64
1956,Legends of Andor: The Last Hope,7.89
1957,Timebomb,7.15
1958,First Rat,7.63
1959,Star Wars: Jabba's Palace – A Love Letter Game,7.34
1960,Bosk,6.94
1961,Monster Lands,7.23
1962,Epic Spell Wars of the Battle Wizards: Duel at Mt. Skullzfyre,6.49
1963,Last Night on Earth: Timber Peak,7.61
1964,Four Against Darkness,7.54
1965,Confusion:  Espionage and Deception in the Cold War,7.06
1966,Bottom of the 9th,6.75
1967,Wings of War: Deluxe Set,7.28
1968,Nuns on the Run,6.50
1969,Heart of Crown,7.61
1970,Tiny Epic Pirates,7.14
1971,Urban Sprawl,6.77
1972,BattleCON: Fate of Indines,7.88
1973,Last Aurora,7.39
1974,Super Dungeon Explore,6.77
1975,Trek 12: Himalaya,6.94
1976,Il Vecchio,6.91
1977,Take it Easy!,6.60
1978,Thunder & Lightning,7.19
1979,Red Outpost,6.99
1980,Legendary: Buffy The Vampire Slayer,7.56
1981,Copycat,6.72
1982,Werewolf,6.50
1983,League of Six,6.79
1984,The Adventurers: The Pyramid of Horus,6.80
1985,The Chameleon,6.61
1986,Circus Flohcati,6.63
1987,Pagan: Fate of Roanoke,8.34
1988,"Run, Fight, or Die!",6.85
1989,Cabo,7.09
1990,Gloom,6.33
1991,Android: Infiltration,6.52
1992,Mini Rails,6.94
1993,The Ark of the Covenant,6.95
1994,Hearts,6.47
1995,Taco Cat Goat Cheese Pizza,6.75
1996,Court of the Dead: Mourners Call,7.73
1997,Codenames: Deep Undercover,6.58
1998,BattleTech: Introductory Box Set,7.64
1999,Cinque Terre,7.04
2000,Conquest of Paradise,6.95